taxon_id,common_name
47153,owocówka jabłkóweczka
47219,Pszczoła miodna
47802,Brudnica nieparka
48162,Rolnica znakówka
48196,Chrabąszcz kasztanowiec
48197,Chrabąszcz majowy
48484,Biedronka azjatycka
48548,Rusałka osetnik
48612,Mrówiszczak mrówkomirek
49133,rusałka admirał
50956,licinek sadowiaczek
51134,Rzutka ślazowa
51149,Puklica rudnica
51275,Tarczówka rudonoga
51495,Zorzynek rzeżuchowiec
51556,Szablak
51557,Bujanka większa
51560,Trzpiennik olbrzym
51574,Wierzchołówka żółtowłosa
51660,Biedronka mączniakówka
51662,Ogrodnica niszczylistka
51666,Plusknia jagodziak
51668,Fruczak bujankowiec
51678,Łątka dzieweczka
51680,Ogniczek większy
51685,Przeziernik mróweczka
51699,Wojsiłka pospolita
51701,Wojsiłka
51702,biedronka siedmiokropka
51707,Glinik lulkarz
51781,Proporzyca marzymłódka
51824,Świtezianka błyszcząca
51974,Miernik zieleniak
52160,Bzyg brzęk
52402,Kruszczyca złotawka
52406,Podrzut myszaty
52413,Pokłonnik osinowiec
52424,złotook większy
52429,plamiec czeremszak
52436,Strangalia czarniawa
52438,Zgrzytnica zielonawa
52447,Bezrąbek sadowiec
52480,Trzmielówka leśna
52482,Bzyg prążkowany
52486,Gniłun naliściak
52488,Bzyg pospolity
52490,Gnojka postawna
52506,Biedronka Dwukropka
52514,Naliściak srebrniak
52516,Wójek żółtaczek
52519,Żagnica sina
52589,Strzępotek ruczajnik
52591,Rączyca rdzawa
52592,osadnik egeria
52771,latolistek cytrynek
52785,Miesierka nagobrzuszka
52881,Pokropka wysączka
52964,Kuliboda
53258,Zmorsznik czerwony
53524,trzmiel rudonogi
53633,Mszyca różano-szczeciowa
53648,koczownica
53848,Grabarz lśniący
53853,Mrówka rudnica
53869,Próchniaczek czarniawy
53905,Modliszka zwyczajna
53936,szarynka grzybieniówka
54068,Dostojka selene
54087,Bielinek bytomkowiec
54327,Szerszeń europejski
54375,Ukrzeniec
54468,Rusałka pokrzywnik
55040,Łucznik korzeniowiec
55047,barciel kosmatek
55048,Barciel pszczołowiec
55054,Paśnik pałączasty
55213,Hurtnica pospolita
55359,Podkrzewin szary
55361,Narożnica zbrojówka
55401,Bielinek kapustnik
55403,Zalotka większa
55598,Rewiś dębowy
55600,Letyniec pędowiec
55601,Rewiś gwiazdoszek
55610,kowal bezskrzydły
55623,Wieczernica szczawiówka
55625,szablak podobny
55626,Bielinek rzepnik
55637,Trzmiel rudy
55638,Przezierka pokrzywianka
55640,Modraszek wieszczek
55641,Modraszek ikar
55643,rusałka kratkowiec
55651,Błyszczka jarzynówka
55653,Przestrojnik jurtina
55655,Czerwończyk żarek
55658,Płomienka złotowianka
55660,Kresówka gruszówka
55719,Gnojka wytrwała
55761,Poskrzypka liliowa
55783,Orszoł prążkowany
55966,Palik trędownikowy
55996,Zmrocznik gładysz
56096,Leń marcowy
56189,Pienik ślinianka
56198,namiotnik
56203,Wąsik zieloniaczek
56225,rusałka ceik
56226,Widłogonka siwica
56228,Nadobnica alpejska
56293,Fruczak gołąbek
56521,Zajadek domowy
56529,Paź królowej
56530,Zmierzchnica trupia główka
56532,pawica gruszówka
56552,Biegacz gajowy
56553,biegacz
56554,Pluskolec pospolity
56558,pluskolec pstry
56582,Barczatka dębówka
56637,Zimowek białoplam
56639,Zimowek pozłotnik
56731,Wrzeciążeczka barwna
56757,Pryszczarek malinowiec
56832,Rusałka żałobnik
56918,Pisogłówka różanecznikowa
57443,Ważka czteroplama
57444,Napierśnik torfowiskowy
57454,Gadziogłówka pospolita
57484,Modraszek argus
57485,Niepylak mnemozyna
57489,Oblaczek granatek
57495,Przeplatka cinksia
57516,Trzmiel ziemny
57619,Trzmiel kamiennik
57651,Konik
57669,Pszczolinka
57678,Pseudosmuklik
57839,Siedliszek dwubarwny
57842,Siedliszek sześcioplamy
57871,Biedronka pięciokropka
58462,Stępień ślimaczarz
58468,Warcabnik klinek
58484,Karłątek ryska
59185,strzępotek soplaczek
59346,pawica grabówka
59588,Mokosz cierniowiak
59895,Biegacz fioletowy
59955,Żagniczka zwyczajna
60469,kobyliczka pniowa
60472,Oszynda leszczynowiec
60579,Pszczolinka ruda
60771,boratek naśnieżek
60780,Piędzik przedzimek
60834,Modraszek aleksis
60841,Pozłotka pokątnica
60896,zieleńczyk ostrężyniec
60921,czerwiec biały
61152,Łunica czerwona
61295,niestrzęp głogowiec
61351,Szrotówek platanowcowiaczek
61413,koszówka czysta
61422,Szewnica pokrzywnica
61429,Szklarka zielona
61447,omomiłek szarowłosy
61448,omomiłek czarny
61449,omomiłek szary
61508,Tężnica wytworna
61517,Ogniczek piłkoczułki
61524,skorek pospolity
61532,Wrzeciążka
61536,Świtezianka dziewica
61546,Wąsateczka zawilczaneczka
61749,Jelonek rogacz
61781,Karłątek kniejnik
61799,Galonówka srebrnica
61803,Trzmiel drzewny
61844,Zalęszczyca lśniąca
61847,Gnojka trójkątówka
61851,Gnojka znamieniówka
61855,Bieżnica żółtnica
61856,Trzmiel gajowy
61857,Trzmielówka łąkowa
61858,Padlinówka
61862,Krasanka natrawka
61892,wyślepek żółtonogi
61898,Dętka rudonoga
61901,Złotka cynobrowa
61910,Znamionówka starka
61917,Komarnica błotniarka
61918,Plamiec agreściak
61937,Owełnica lucernianka
61939,Owrzódka konwaliowa
61970,Kapturnica dziewannówka
61972,Paśnik goździeniak
62005,Maskurka żółtobrzucha
62060,Odorek zieleniak
62067,Lecicha pospolita
62083,Kraśnik sześcioplamek
62094,Kraśnik rzęsinowiec
62321,Baldurek pstrokaty
62326,szczerbatek zielony
62331,Nastrosz topolowiec
62380,Czerwończyk płomieniec
62381,Górówka boruta
62417,Bryzgun olchowiec
62424,Przezierka blada
62426,Przestrojnik trawnik
62429,przestrojnik titonus
62437,bielinek bryonie
62439,Modraszek semiargus
62453,Makatka zbójnica
62456,Zmięk żółty
62626,Borecznik podobny
62749,paź żeglarz
62766,Dostojka latonia
62980,Porembica stalnica
62984,Komar tygrysi
63031,piętnówka rdestówka
63066,Wyroślówka ostowa
63147,Przeziernik malinowiec
64206,Niezdarka dziewica
64581,Nartnik duży
64582,Nartnik
67743,Wywilżna karłowata
67754,Niedziób czerwony
67771,Wtyk amerykański
68005,Pryszczel lekarski
68328,Łanocha pobrzęcz
68330,Niedźwiedziówka nożówka
68353,Pańdrożyca strzemioneczka
68354,Przeplatka febe
69082,Hurtnica podobna
69190,Bzyg nadobny
69202,Pszczolinka wiosenna
69203,Gielas czternastoplamek
69257,Pierwomrówka łagodna
69315,Podziemnica zwyczajna
69320,Mrówka faraona
70071,Zmrocznik Wilczomleczek
70087,Szczotlicha błyszczkówka
70105,Dostojka adype
70118,Grabarz Żółtoczarny
70119,Lśniczka szmaragdowa
70128,Zawisak borowiec
70151,Plujka burczało
70175,Ślipień trzmielowiec
70190,Szałaśnica jedwabista
70192,Warzywnica kapustna
70203,Rozstrzępiak wiciokrzewowiec
70205,Wyślepek czwórpasy
70211,Kwiatówka zmierzchnicowata
70212,Iłun turkusowy
70357,Warzywnica jednobarwna
70400,Pszczolinka niebieskawa
70405,Czernich łąkowy
70415,Gniłun okazały
71219,Turkuć podjadek
71248,Świerszcz polny
81651,Świerzbik nakropek
81653,Szewnica miętówka
81685,Rozcinka rukwianka
81687,Rolnica tasiemka
81923,Tarczówka Marmurkowata
81979,Piszczeń
82061,Bęblik strojny
82106,Żagnica wielka
82109,Oleica krówka
82463,gnojek naśmietny
82764,tęcznik liszkarz
82774,Rohatyniec nosorożec
83459,Przylepek kruszyniak
83806,słonecznica orężówka
83839,Wprzeczka różnobarwna
84361,Płomienka purpurowa
84455,Rolnica zbożówka
84508,Ozdobnik lucernowiec
84640,Klecanka rdzaworożna
84778,Stonka ziemniaczana
84804,strojnica włoska
85030,Szafranka czerwona
85057,Szklarnik leśny
85460,skalnik bryzeida
93426,Żagnica południowa
93427,Żagnica północna
93434,żagnica torfowa
93437,Żagnica jesienna
93446,Żagnica torfowcowa
93450,Żagnica zielona
94041,Husarz wędrowny
94043,Husarz władca
94048,Husarz mniejszy
96735,Biegacz pomarszczony
97022,Kozioróg dębosz
97092,Wynurt lśniący
98012,Biegowiec świerkowy
98273,łątka halabardówka
98287,strzępotek edypus
98787,Zgniotek cynobrowy
99901,Nimfa stawowa
100282,Górówka epifron
100290,Górówka manto
100303,Górówka pronoe
100362,Barczatka kataks
100408,Oczobarwnica jeziorna
100742,Przeplatka alpejska
100743,Przeplatka maturna
100995,Mrówka ćmawa
100996,Mrówka łąkowa
101687,Gadziogłówka jeziorna
102792,skalnik hermiona
102800,Skalnik semele
104420,Pałątka południowa
104429,Pałątka niebieskooka
104543,Zalotka białoczelna
104545,Zalotka spłaszczona
104547,Zalotka torfowcowa
104875,Czerwończyk nieparek
106023,Żerdzianka krawiec
106656,Iglica mała
107654,Trzepla zielona
107942,Lecicha białoznaczna
107949,Lecicha południowa
107954,Lecicha mała
108018,Pachnica próchniczka
108020,Pachnica dębowa
108799,Niepylak apollo
109281,Modraszek arion
109283,Modraszek nausitous
109284,Modraszek telejus
109650,Pióronóg zwykły
109983,Modraszek korydon
110657,postojak wiesiołkowiec
112801,Miedziopierś metaliczna
113497,Straszka pospolita
113503,Szablak szkocki
113507,szablak wędrowny
113525,Szablak krwisty
114499,Zawartka krasnoplamka
116385,Wstęgówka pąsówka
116703,Kózka ciemnoskrzydła
116752,Wstęgówka czerwonka
117294,Szablak żółty
117313,Mułek buławkowaty
118841,Szczerklina piaskowa
118901,Zmrocznik przytuliak
118936,Krasopani hera
118948,Szablak przepasany
119019,Szerszeń czarny
119115,Plujka pospolita
119170,Nadrzewek długoskrzydły
119172,Wścieklica zwyczajna
119344,Kopułkowate
119642,Galasówka dębianka
119858,mrzonka pierzak
119946,Żerdzianka sosnówka
120113,Mrzyk dziewannowiec
120156,Mucha domowa
120272,Paśnik jednozębik
120489,Ścierwica
121237,Karaczan prusak
121329,Szarynka kalinówka
121827,Mirka alpejska
121989,Trzmiel ogrodowy
122190,Żuk gnojowy
122223,Bolimuszka kleparka
122375,Kosternik palemon
122528,Bycznik
122940,barciak większy
123022,Plamówka malinówka
123579,Wojsiłka zwyczajna
123580,Rynnica dwudziestokropkowa
123596,Okrajka Dwuplamka
123628,dostojka malinowiec
123629,osadnik kostrzewiec
123657,Trzmiel rudoszary
123658,Krocznik odwrotnik
123661,Moszenica wierzbówka
123816,wietek gorczycznik
123920,Ciołek matowy
124027,Pielgrzymka jesienna
124031,Zawisak powojowiec
124095,Witalnik nostrzak
124096,Włochacz kolczatek
124145,Zadrzechnia fioletowa
124150,Kartonówka zwyczajna
124160,szlaczkoń siarecznik
124162,Morsznica osowata
124184,Omacnica spichrzanka
124195,Oziębica późna
124221,Wałczatka dwuguzka
124318,ponocnica obłazówka
124358,pszczolinka pospolita
124366,Zagwozdnik fiołkowy
124406,Miesierka różówka
124488,Pałątka zielona
124540,Biegowiec osowaty
124542,Porobnica włochatka
124549,Prężec ostrożny
124696,Głazik nacierniak
124740,płomienka łąkowa
124910,Trzmiel łąkowy
124957,Barczatka śliwienica
125012,Barczatka napójka
125049,Agatówka łobodnica
125099,Lotnica zyska
125266,Fałdówka płaszczynka
125312,Krasopani poziomkówka
125357,Miernik plamiak
125494,Modraszek iglicznik
125563,Pasyn debrak
125655,Żuk leśny
125659,Wrzecień wysmukły
125786,Miesierka Ziemna
125793,Mecyna żółta
125815,Strzępotek perełkowiec
125884,Trzmielec gajowy
125957,Przejrzynka malutka
126088,Szrotówek kasztanowcowiaczek
126155,Osa dachowa
126276,Rolnica gwoździówka
126630,Murarka rogata
126636,Okrajka okrągłoplamka
126737,Przezierka ośmioplamka
126765,Tantniś krzyżowiaczek
126988,Lesz truskawczak
127103,bielinek rukiewnik
127133,Oprzędnica jesienna
127163,Torebnica wiązowa
127299,Pływak żółtobrzeżek
127308,Konik brunatny
127309,Poskrzypka szparagowa
127431,Piórolotek zwyczajny
127506,Barczatka malinówka
127564,Opłonka kozibródka
127618,Paśnik zmiennik
127718,pszczolinka dwubarwna
127719,Tęposz czarnożółty
127726,Pszczolinka piaskowa
127732,Letyniec żołędziowiec
127735,Trzmielec czarny
127738,Grzebacz musznik
127741,Lepiarka
127742,Galasówka jagodnica
127743,osa leśna
127747,Smuklik Rdzawonogi
127748,Smuklik Koniczynowiec
127751,Pseudosmuklik pospolity
127757,miodwa łąkowa
127758,Rewiś numizmatek
127759,Koczownica pszczolinkowa
127777,Osa pospolita
127779,Trzmielec żółty
127780,Pszczolinka białoczarna
127789,Trzmielec ziemny
127794,Osmyk pszczolinkowiec
127812,Samotka
127837,Korzenica dębowa
127853,Paśnik posmutek
128214,Nasierszyca brzozówka
128245,Wstęgówka karmazynka
128248,Wstęgówka karminówka
128252,Wstęgówka jesionka
128255,Wstęgówka narzeczona
128258,Wstęgówka księżniczka
128264,Mrzyk krostowiec
128544,Karłątek leśny
128545,Ogończyk śliwowiec
128611,Rozszczepka nosatka
128633,Zrąbień dębowiec
128824,Padlinówka skórnica
129033,Łątka zalotna
129091,Namiotnik owocowiaczek
129102,Osa saksońska
129109,Posępnica stonkówka
129126,Modraszek malczyk
129129,Skakun szydłówka
129156,Misiówka gołotka
129158,Paśnik zieleniak
129223,Grotniczek owocowiec
129382,Tryk klonowiec
129385,Wonnica Piżmówka
129422,Obnażacz kopciuszek
129485,Piórolotek pięciopiór
129569,Ciośnik dwuzębiak
129570,Mól nasienniczek
129572,Żłobik gniazdoszek
129692,Kopułka
129851,Kwiatomir czteroplamy
130096,Nawozak pospolity
130097,Piętnówka lśnica
130099,Ciemnokres brzozowiec
130101,Ciemnokres wierzbowiec
130102,Wachlarzyk natrawny
130103,Światłówka rdzawica
130105,Wiechetka wielbłądka
130121,Złotolitka
130127,Zażartka mrówkowata
130139,zadomka blada
130143,Trzyszcz polny
130147,Biegacz problematyczny
130161,Biegacz górski
130164,Biegacz ogrodowy
130166,Biegacz gładki
130185,Paśnik nagórek
130188,Wachlarzyk ździeblaczek
130205,Oleica fioletowa
130392,Ślepak czarnożółty
130393,Strzyżak sarni
130395,Jusznica deszczowa
130398,polowiec szachownica
130403,Kraśnik pięcioplamek
130408,Pałątka pospolita
130409,Bosak czarny
130410,Toniak żeberkowy
130414,Biedronka dziesięciokropka
130423,ruczajnik pospolity
130432,Wiecheć płowy
130433,Skorobieżek miedziak
130435,Skorobieżek zgrabnik
130445,Skorobieżek polny
130574,Dzier truskawek
130575,trzcinówka
130579,Listnik zmiennobarwny
130587,Mrzyk muzealny
130616,Wykarczak sosnowiec
130622,Nieskorek rudobrzuchy
130624,Nieskorek pasiasty
130625,Szubak dwukropek
130638,Niestrudek błyszczyk
130650,Niestrudek czteroplamiec
130707,Rozpucz lepiężnikowiec
130719,Muszynka rączycowata
130721,Dorzutek olszynówka
130785,Modraszek idas
130787,Przekrasek mróweczka
130838,otrupek włochaty
130843,Kistnik kuklikowiec
130874,Pstrokówka przetakówka
131007,Pieszek zbożowiec
131009,Pieszek czarnogłowy
131022,wagisz japoński
131028,Podos pustynny
131031,Smukwa kosmata
131035,Wątlik charłaj
131076,Skórnik słoniniec
131084,Pierzchotek pobrzeżnik
131089,Urazek leśny
131092,Dzier kruszcowy
131098,Dzier czerwononogi
131099,Dzier włochaty
131102,Dzier ćmawy
131812,Rękatek zwinny
131817,Rębacz dwupaskowy
131819,Szczeciorożek ostrewnik
131825,sąsiad dziwaczek
131846,Ważka ruda
131875,Grabarz czarny
131878,Grabarz pospolity
131880,Wyszczerek żwawy
131885,gliczyca jednorożec
131888,Zalęszczyca zielona
131899,Zatrawiec zielonoplamek
131902,Skrzypionka zbożowa
131919,drogoń połyskliwy
131922,Drogoń piaskowy
131923,drogoń zmiennobarwny
131931,Szykoń ciemny
131934,Szykoń czarny
131939,pustosz kradnik
131942,Bystrzyk detrytusowiec
131943,Bystrzyk ściółkowy
131951,Skulik omszony
131954,Omarlica smutna
131960,Myśliczek krasnoplamek
131970,Mącznik młynarek
131973,Pościerwka pospolita
131978,Pościerwka przymarszczona
132069,Warzywnica ozdobna
132070,Długoskrzydlak ciepłosz
132317,Niedźwiedziówka jastrzębica
132319,Pałkowiak plamisty
132419,Skoczek zielony
132657,Szablak zwyczajny
132663,Smaglec Ogonokleszcz
132718,Cuchna nawozowa
132790,Mucha pawia
132875,Przeplatka atalia
132885,Walgina rdestniak
132887,rolnica czopówka
132888,Wygłoba koniczynówka
132890,przeplatka drobnostka
132968,Nerkosz trawny
132997,dostojka eufrozyna
133020,Płoszczyca szara
133066,biedronka bledniczka
133154,Wielena plamowstęg
133207,Zgrubień welonowy
133220,świerszcz domowy
133250,pasikonik zielony
133295,Przeplatka didyma
133434,Powszelatek brunatek
133704,Trzmiel ciemnopasy
133807,Nimfa rzęsianka
133956,Zdobniczka orzechowa
134078,Szczerbówka ksieni
134099,Zalotka czerwonawa
134100,łątka wiosenna
135239,Pędźka szklistoskrzydła
135282,Wieczernica klonówka
136600,Żółtynka ozdobna
141725,Nezara zielona
141727,Tłustosz śródziemnomorski
141731,Brudziec zwyczajny
141737,Długoskrzydlak sierposz
141751,skalnik statilinus
141761,Owoszcza brązowa
141848,Latalec dębiniak
141849,Nacinek wypłowiak
142754,Zdobniczka bukowa
142778,Ozdobka bukowa
142779,Wachlarzyk słomkowy
142936,Dzidosz mglisty
142981,Przezierka prosowianka
143009,przylepek pomrocznik
143034,Czerwonka baldaszkówka
143103,Grotnik piołuniak
143114,Sadzanka rumienica
143145,Piętnówka grochówka
143294,Szlaczkoń sylwetnik
143426,Mszycznik żółtoczarny
143432,Plamiec trzmieliniak
143433,Nawarżka długonoga
143485,Paśnik mysiotrzewiak
143517,krępak nabrzozak
143529,Taszczyn pszczeli
143617,Świetlik świętojański
143904,Galasówka długobrzuszka
146701,Ochybnica chi
147043,Kraśnik wykowiec
147078,Czerwończyk dukacik
147083,słonik orzechowiec
147298,Osadnik megera
147328,Dostojka pandora
147332,Borczyniec południowy
147950,łatczyn brodawnik
148145,Słonik żołędziowiec
153105,Pokłonnik kamilla
153107,Okrzętnica wrzosówka
154213,Karaluch
154388,Nastrosz lipowiec
154576,Modraszek adonis
154653,Połowik białawy
154654,Czerwończyk uroczek
154661,Nęczyn lepiarkowiec
154664,Pszczolinka wrzosówka
154667,Bąk szary
154668,bąk jesienny
154671,Mrówkolew pospolity
154672,Podłatczyn krótkoskrzydły
154762,wiośnik zdobnooki
155387,Doskwier pastwiskowy
173273,Żuchwień głowacz
173325,Grzybiec
173596,Mamrzyk skrócinkowiec
173963,Szklarzyk nabluszczek
174025,Drgalnik obrzeżony
174209,Korosz jednobarwny
174482,światłówka izdebnica
176098,Światowidka samotnica
176239,Przemianka tarninówka
176302,Świętek plamkowany
176305,Świętek krzyżaczek
176728,Głoworożek hubiak
176820,Naścierwek niebieski
177107,Śniadek biegaczowaty
177131,Rezelia bielica
177220,Szczękalica wielokropka
177443,padliniec pospolity
177491,Zmorsznik ciemny
177745,Rytel pospolity
179672,ogończyk akacjowiec
182738,Osa rudawa
194642,Raptun mszycołów
194643,Wysysek ostrogon
194786,Pobzyga cebularz
194792,Biegacz złocisty
196616,ziołomirek lucernowy
198998,Pszczolinka podbiałówka
199124,murarka lucernowa
199266,rozdziałka algira
199404,owocanka południówka
199861,Wachlarzyk pałecznik
199870,Zadarlica spiżarnianka
200014,Opuchlak rudonóg
200015,Trawosz poziomkowy
200017,Rytnik plamisty
200930,Torzyśniad kasztanówka
201235,paciepnica korzeniówka
201403,Peryzoma przywrotnica
201519,Powszelatek malwowiec
202083,Zmrocznik pazik
202237,Rozszczepka jagodzianka
202239,Rozszczepka śnicianka
202776,kraśnik purpuraczek
202812,Roztropnica młodzianka
203328,Urazek kukurydziany
203342,Rolnica panewka
203409,Zadomka polna
203851,Cudzich popielaty
204441,Wężynka cyprysówka
204590,Ulanik udopasek
204707,Wdrapek cytryniak
204720,stopnik olszowiaczek
204781,Wtyk nakrzewny
204846,Korowiec płaski
204860,Pastorałek paprotnik
204885,Wężynka księżycowa
205039,Paśnik oszczepiak
205063,Okrutniczka smukła
205083,Błonica dębowa
205120,Fałdówka szarynka
205135,Nastrosz półpawik
205151,Krokiewka lękliwica
205154,Mklik płomienisty
205155,Rezelia kapturnica
205156,Bodlica sinica
205183,Mokradlica białoklinka
205186,Sykrzytek bezksiężyczak
205187,rolnica komes
205190,Zgrzeblica trojaczka
205202,paśnik niecierpek
205218,Rozlotlik lilakowiak
205220,Bodzieniec bzowiak
205224,Niesobka chmielanka
205231,Krocznik połowiczak
205294,Szczotecznica szarawka
205320,Szypszyniec różany
205321,Straszka saracenka
205346,Mól gniazdownik
205712,Prześwietlik dębowy
205753,Sówka wróblówka
205779,Pędruś czerwony
207524,plamiec nabuczak
207527,Wystrój wężowiaczek
207574,Murarka leśna
207580,ulotka jesionowa
207669,Modraszek dorylas
207678,Powszelatek alweus
207696,Miodówka bukszpanowa
207704,Przeplatka diamina
207713,Wątlak nawrzosak
207838,przezierka szybianka
207956,Przeplatka aurinia
207977,rusałka pawik
208111,Łątka wczesna
208979,Ogończyk ostrokrzewowiec
208988,Ogończyk tarninowiec
209022,Zwójka sosnóweczka
209083,Zgniot husarczyk
209343,Żerdzianka szewc
209651,Gomolatka żukowata
209660,Złotka rozmarynowa
209661,Skupieniec lipowy
209683,Oczobarwnica mniejsza
209688,Oczobarwnica większa
209787,Białka wierzbówka
210336,Bzyg lustrzyk
210605,Piętnówka wiciokrzewka
210933,Hurmak olchowiec
211009,paśnik cytryniak
211055,Nosal węgierski
211558,Głaszczyn brodaty
211626,ogniczek grzebykoczułki
212218,Osnuja czerwonogłowa
212223,Strąkowiec fasolowy
212729,zadarlica tłuszczówka
212779,skoropędek dwubarwny
212817,Opiętek malinowiec
212818,Opiętek niebieskawy
212855,źrenicówka wierzbniakówka
213146,Skorobieżek źółcik
213166,Skorobieżek zwyczajny
213514,Rolnica żółtozielona
213535,okrzętnica chwastówka
213855,Sówka łagodna
213859,Sówka perzówka
213962,Pienik olchowiec
213992,Niekrocz dziurawczak
214084,Zwójka sosnówka
214086,Zwójka różóweczka
214138,Licinek olszowy
214380,Szczapówka sosnowa
215168,Pędruś nabrzozak
215232,Odrzewek
215289,Dostojka eunomia
215455,Nagryzek ciemny
215465,strąkowiec grochowy
215780,nocena księżycówka
215974,Gmachówka cieśla
216011,Omomiłek żółtonogi
216086,Biegacz granulowany
216096,Światłówka morfeusz
216165,Tarczyk żółtawy
216166,Tarczyk ostowy
216842,Złotka malachitówka
217186,Szarek ostowiec
217219,Murzyłka dwuskrzydła
217265,Biedronka hieroglifka
217396,szlaczkoń torfowiec
217763,Poskrzypka dwunastokropkowa
217843,Krytoryjek olszowiec
218294,Stonka kukurydziana
218844,paśnik obcinek
219175,Latalec olszyniak
219341,Wydrążka wierzbóweczka
219366,Socznik żółty
219751,Nacinek wrzosowiak
219790,Grotnik porzeczkowiak
219806,Grotnik kreskowiak
219837,grotnik szarynek
220326,Kałdunica rdestówka
220682,Krętoryjek skrzypowy
221381,czerwonka trzynastokropka
221586,Paciepnica ziemniaczana
221602,paśnik widliczak
221940,Szeliniak korzeniowiec
221942,Spuszczel pospolity
221981,Ziołomirek ciemnopasy
222207,Czułaj białobrody
222281,Kornik drukarz
222462,Japoneczka przejrzysta
222645,Paśnik pachniczek
222724,Sówka wężówka
223524,Śliń łupinka
223526,Znaczyn dwuplamek
223751,bagieniec rombowy
223780,Sygaczówka plamista
224154,Przezierka byliczanka
224214,Brudnica mniszka
224258,Witalnik dębiniak
224429,Gnilik czarny
225416,wścieklica uszatka
226204,Zbójca leśny
226237,Ustronnik domowit
226430,Zatrawiec bydlarek
226714,Opuchlak lucernowiec
226715,Opuchlak chropawiec
226717,Nadrach pstrokacz
226718,Opuchlak truskawkowiec
226887,zwojkówka porzeczkóweczka
227054,Przeziernik topolowiec
227350,Żłobiel lipnik
227925,Naliściak pączkojad
228001,Pchełka chrzanowa
228022,Płaskowiak zmienny
228262,Nakreślik iwiniak
228590,Obryzg matowy
229871,Rębacz sosnowiec
229899,Zgiętobruzdek ostowy
229901,gruboryjek szczawiak
229931,Badylica żółtaczka
230396,Rzemlik osinowiec
230507,maraszek czarny
231080,Oprzędzik żółtonogi
231082,Oprzędzik pręgowany
231296,witalnik rdzawiak
231405,wydłubka oczateczka
231425,Światłówka naziemnica
231469,Kusak czerwonopokrywy
231494,Żywiak chlebowiec
231837,Zmiennik leszczynowiec
232127,przeziernik porzeczkowiec
232242,szykończyk drobny
232420,Borówka brunatna
232422,Borówka matowa
232547,Paśnik jałowczak
232606,Mól włosienniczek
233070,Modzelatka
233809,Tykotek rudowłos
243705,Paśnik chrzaniak
243770,Przylepek księżycowiak
243968,Gałecznik czteroplamek
244084,biedronka wełnowcowa
244408,rezelia rdzawica
244644,Pryszczarek bukowiec
244655,przegibka stałka
244656,Przegibka zmiennica
244708,Zimsterla bukówka
244709,Przegibka dębica
244816,Włochacz dropiak
245711,Przegibka schludnica
245799,Żmur kotwiczak
245834,Skoropędek obrzeżony
245865,Krowieńczak księżycoróg
261586,Dziobik brzozowiec
268273,Strzel bombardier
269049,chowacz galasówek
270800,Życiorek przyleśny
300597,Mrówka amazonka
307026,Obcążnica nadbrzeżna
308612,Kusolotek żółtoskrzydły
311242,Oskardzik korzeniowy
311581,złotook zwyczajny
311582,Wywilżna plamoskrzydła
311616,Porożnica jagodówka
311619,Grotniczek rudopasek
317906,Kobielatka siwak
318430,Paśnik pochodnik
318441,Ogończyk wiązowiec
318452,Tężnica zmienna
318496,Mucha oborowa
318506,Jarzmiec jałowcówka
318507,Ukrzeniec rynniec
318537,Krocznik wyrodnik
318545,Wtyk straszyk
318777,Mirra sosnówka
318882,Bolica ciemnoskrzydła
318926,Dyblik liniaczek
318991,Zmróżka złotawa
319032,Porożnica rdzawnica
319088,Zalęszczyca kózkowata
319096,Rozcinka stuliszanka
319208,Wątlak brzegokropek
319382,koszówka jednobarwna
319550,Gaszka zorzyca
319551,namiotnik trzmieliniaczek
319552,Brunatnica koziagłówka
319711,Światłówka potrójnica
319713,Grotnik choiniak
319745,ciemnokres czeremszak
319747,grotnik pospolity
319748,Garbatka dromaderka
319817,Srogoń napastnik
319856,Płatynka wierzbówka
319858,Platynka osikówka
319948,Żylenica nadwodna
320004,Fałdówka porostówka
320043,Przerwiec przydomowy
320063,Przylepek sęczak
320069,paśnik cisawiak
320070,Dzióbica głaszczkówka
320071,Wieczernica ligustrówka
320099,Płatkówka pstrocineczka
320109,Rębacz szary
320166,płożek wierzbowiec
320168,Falica or
320192,Rolnica malinówka
320277,Licinek paskowiaczek
320282,Paśnik znacznik
320288,Omomiłek  parkowy
320539,Płużnica klonaneczka
320540,Zwójka koróweczka
320699,Skalniak orliczak
320763,Światłówka babczarka
320786,Gnojka bajorowa
320812,Kałdunica zielona
320873,Dąbrówka chaonia
320874,Wielica zaczepka
320878,piętnówka białokropka
320947,Brosznica jeżynówka
320950,Brosznica bzowa
320964,Krocznik niezdobiak
321015,Krótkostopek miechunowy
321054,rusałka drzewoszek
321464,Modraszek wikrama
321485,Kostrzeń baryłkowaty
321535,Biedronka oczatka
321690,Długoryjek żółtoczarny
321705,Drogosz żałobny
321826,Kobyliczka żółta
321827,Kobyliczka szarożółta
321833,Kobyliczka zaroślowa
321841,Platynka zielonka
321904,Ścięga łąkowa
321945,Zielonka ukośnica
321977,Paśnik dwuziernik
321979,wznosik Fabrycjusza
321981,zwójkówka sadówka
322024,Mieniak strużnik
322128,Rolnica zbutewka
322129,Piętnówka brukiewka
322130,Szczękalica gajówka
322132,Pluszówka agatka
322140,Krocznik ciemnożyłek
322142,sówka trawnica
322336,Piętnówka przybyszyca
322343,Śmietka nalistka
322366,Mszycznik przepasek
322382,Wachlarzyk trawnik
322390,Złotka dziurawcówka
322444,Omomiłek leśny
322691,Trupnica padlinówka
322692,Przepaśnica niebieskawa
322722,miernik kreskowiak
322804,Pomiernik naróżak
322806,Lasperia zatokobrzeżka
322807,Włócznica ogorzałka
322808,Ostrolot kreskowiak
322841,Niżbik
322943,Wachlarzyk sosnowy
322983,krocznik rzędzik
322984,Wachlarzyk dachowy
323781,Wachlarzyk perłowy
324010,Rolnica boćwinówka
324080,Grotnik koroniec
324088,rusałka wierzbowiec
324089,Sichrawa górska
324090,Hydrelia żółtokreska
324093,Omięk
324103,rozcinka kapuścianka
324104,Rozcinka obrzeżanka
324105,Udea śliwkowa
324132,Ślimakówka pomrowik
324134,Ponocnica udatnica
324136,Zamiotka zwodnica
324137,Zamiotka murawowa
324138,Mietliczka znaczona
324139,Oprzędzień szyszkogryz
324189,Rolnica trójkątówka
324190,Przylepek następnik
324195,zwójka dębówka
324215,Kresówka leszczynówka
324216,Wycinka sierpianka
324217,Kośniczka łąkowa
324219,namiotnik mniejszy
324224,paśnik rudoplamek
324225,Pachówka żołędzióweczka
324286,Rozcinka Pyleniczanka
324314,Słonecznica ceglicówka
324333,Zwójkówka leszczynówka
324344,Czernich ugorowy
324354,Zmorsznik mały
324392,Brunatnica grotówka
324393,Wątlak rdzawiak
324394,Grotnik byliczak
324397,Mokradlica rdzawka
324579,Nagodnik wycinek
324583,nacinek naśliwiak
324587,filoksera winiec
324616,Wachlarzyk leśny
324630,Namiotnik czeremszaczek
324637,Bzygówka mszycznica
324676,Pierzak miejski
324681,fałdówka mokrzyca
324683,Wycinka nożówka
324698,Wydrążka znakóweczka
324703,Garbatka zygzakówka
324707,Rolnica aksamitka
324758,Wycinka dwojaczka
324790,Nijasionka skrzydlaneczka
324798,Zwójka rdzaweczka
324801,Wachlarzyk alpejski
324831,Mokradlica bezwstydniczka
324838,Witalnik porzeczkowiak
324839,Sówka drewnica
324849,Nimfa grzybienianka
324863,Świerzbik kreskowiak
324870,mietliczka bagienna
324887,Zgrzeblica trzysterka
324890,przylepek nagrabek
324913,Szyszeń pospolity
324921,Rolnica południówka
324923,nakreślik dębowiec
324924,Grotnik skrótnik
324928,Udea rdzawa
324938,namiotnik jabłoniaczek
325243,rolnica niklica
325248,opłonka berberyjka
325258,Wichrzyk trójkątnoplamy
325269,Piętnówka szaropaska
325295,Ćma bukszpanowa
325301,Rolnica sześciokreska
325322,podłatczyn podobniak
325340,błyszczka kostrzewica
325341,Zalotnica lisianka
325393,straszka syberyjska
325424,Wachlarzyk trzciniaczek
325426,wachlarzyk zmienniczek
325431,Psotka babkówka
325433,Szuwarnik wielki
325473,piętnówka zmienna
325475,witalnik borowiak
325476,grotnik chabrowiak
325501,Wachlarzyk błyszczyk
325523,czarnota białoplama
325541,Zmienik pokrzywiak
325591,Sówka dwubarwka
325613,Wojnica swarożyca
325641,Wieczernica strzałówka
325731,Baldurek pręgowany
325732,Strangalia wysmukła
325738,Paśnik komosiak
325782,Biegacz zielonozłoty
325871,Warcabnik ślazowiec
325897,Grotnik wrotyczak
325967,Sówka ochroplamka
325997,Trzmiel żółty
326052,Siwoszek błękitny
326186,Korowiec wąskoszyj
326197,zawadzik leśniczek
326198,ozimica rdzawka
326207,Gielas dziesięcioplamek
326360,Latalec najesioniak
326382,Skalnik driada
326412,Tarczyk zielony
326419,Tryk kasztanowy
326421,Złotka miętowa
326430,Głowienka baldaszkówka
326454,Górówka medea
326491,Bęblik dwuplamek
326598,Zielenucha kształtna
326605,Walcownica czarnopasa
326610,Leniec czarny
326630,Najeżka motylowiec
326631,Leń zabutwiak
326659,Rojówka żółta
326688,Zrzenicówka przecinkówka
326717,Skorogonek czarnobrzeżek
326739,Wąsateczka lśniaczek
326757,Orzęsica długoroga
326851,Wojsiłka długodzioba
326884,Lednica zbożowa
326886,Hyzik czernidlak
326910,mszyca kapuściana
326921,Hubiarka sadzówka
327164,Wtyk drobnokolec
327171,Opuszczel okazały
327173,żółwinek zbożowy
327182,ogładzik bluszczykowiec
327185,Poślizg wysmukły
327194,Zmienik lucernowiec
327207,Chwytnica rdzawa
327208,Byliniak rudawy
327211,Spodziec okrajkowy
329845,Wywilżna kompostówka
332234,Kremata głogówka
332307,Nakwietnik trębacz
332316,Ozimica wierzbówka
332407,Podkrzewin bezskrzydły
332693,Powszelatek armorykański
333154,Gnatarz rzepakowiec
333217,zygzakowiec kokornakowiec
333243,Lśniak szmaragdek
333456,Ociernica czarna
333502,Odchodnica pastwiskowa
333530,Koniczuk udoplamek
333532,słonecznica szczeciówka
333564,Kobyłka syberyjska
333679,Obnażacz złotolitka
333680,Przepaśnica blada
333694,Wyrówka włochata
333695,Bryzgun brzozowiec
333714,Powszelatek chabrowiec
333735,zażartka drzewna
333766,Kłopotek czarny
333774,górówka meduza
333813,Prześwietlik platanowy
333907,Wachlarzyk pastwiskowy
333913,Nacinek topolowiak
333915,Powrózka rudoszyjka
333917,Szuwarnik wycięty
334019,Górówka pandrosa
334326,Bąk brązowy
334334,Smużka zielenica
334337,wachlarzyk kolankowy
334347,dostojka dafne
334352,Ślepak pospolity
334385,Skalnik prozerpina
334393,modraszek lazurek
334545,Paśnik kukułczak
334551,Knieżyca szara
334553,Grzebyczak żółtawy
334611,Zwińczak fałdowany
334985,Dostojka ino
335001,dostojka niobe
335065,Przewieżgnica żałobka
335265,Biegacz zwężony
335485,Paśnik zaroślak
335579,Wątlak trójpasek
335580,Konik wszędobylski
335582,Miecznik łąkowy
335607,Barczatka koniczynówka
335610,Ponocnica
335611,Ostrolot muszlowiak
335848,Zimowek ogołotniak
336000,Biesek murzynek
336697,Niedźwiedziówka włodarka
336700,Bielinek bliźniak
336708,Czerniec ciemny
336872,Niżnica żółta
336893,żniwiarka śródziemnomorska
336922,Palpita przejrzysta
336923,Dłużynka dwukropkowa
337019,Prężec dwupaskowy
337093,Gnojka wytworna
337098,paśnik wielopasek
337446,Połacica leszczynówka
337499,Szablak południowy
337520,Kuprówka rudnica
337544,Omomiłek wiejski
337740,Byliniak glinik
337776,Trzmiel zmienny
337778,Siodłówka czerwonogrzbieta
337780,Miodownica dębówka
337783,Smutnica czarna
337856,oczkoń aretuza
337907,Rozdestnica wrotyczówka
337930,Przewężek błękitny
337960,Pierwomrówka podziemna
338086,Gmachówka drzewotoczna
338209,Polnica szachowniczka
338211,Wtyk jałowcowiec
338213,Błotnica kosaćcówka
338214,Krzywonóg półskrzydlak
338533,Maczek naramiennik
338542,Marmara pysznotka
338578,Wzjeżka spalica
338579,Mól ziarniak
338595,pasyn lucylla
338651,Chwytówka modliszkowata
339537,Nerkosz pstry
339584,Bujanka śmigłówka
339925,Klecanka polna
340425,Złotawiec krótkoskrzydły
340501,piętnówka goździkówka
340646,Paciepnica białoznaczka
340820,Opończak gruboplamy
341066,Borodziej próchnik
341679,Osmaganek plamek
342213,Nakropek czarnobrzuchy
342216,Dzier różnobarwny
342221,Szastaj zbójnik
342688,Zwójka jaworeczka
342851,klecanka żółtoplama
342901,Bzygówka wiosenna
342903,Porostnica glonówka
343019,Popielicha torfowa
343122,Rozszerka broszkówka
343137,Skulik sosnowiec
343143,Skulik liściowiec
343148,Niekrocz żarnowczak
343152,Porożnica ligula
343153,Porożnica rudnica
343158,Ochybnica runiówka
343182,Gmachówka belkowa
343183,hurtnica spłaszczona
343246,Hurtnica wstydliwa
343250,Wścieklica uszatka
343254,Pierwomrówka żwirowa
343256,Mrówka złodziejka
343262,Mrówka pniakowa
343264,Nadrzewnica czteroplamka
343316,Wściekliczka mokroleśnica
343324,mieniak tęczowiec
343351,Iskrzyk
343357,Zbójnica krwista
343363,Opylak żółtawy
343427,namiotówka dębolistna
343429,Czerwończyk zamgleniec
343463,Złośnica zwyczajna
343501,złotka miętówka
343594,Modraszek dafnid
343748,skrócik
343880,Wyślepek wiosenny
343983,Trzmielówka wielka
344019,Imik leśny
344020,Żółtynka żółtoplamka
344372,Pilarz dziurawcowy
344449,Bzyg przepasany
344469,Zimowek obrzeżek
344678,Nalotnik pniakowiec
344763,szlaczkoń południowiec
344782,Zwójka zieloneczka
344864,paśnik sosnowiec
344870,Skrzydliniak rudogłowy
345055,Kapturnica piołunówka
345611,Nierównik kasztaniak
345746,Wycinka jaszczurówka
345781,Jotek wierzbowiec
345997,szlaczkoń erate
346005,Mszycznik jodełkowany
346129,Modraszek srebroplamek
346902,Fruczak trutniowiec
346973,Wścieklica marszczysta
346980,Gmachówka pniowa
347024,słonecznica tarczówka
347293,bezskrzydlak pieszy
347299,Osadnik wielkooki
347433,Paciepnica trawnica
347465,Pierwomrówka krasnolica
347506,Wysmuklica korówka
347524,wścieklica Schencka
347533,Wścieklica dorodna
347551,Wścieklica podobna
347823,Gliniarz murowy
347852,świeciuch
347956,Ściga purpurowa
348017,japoński jedwabnik dębowy﻿
348591,Ćwik skrzypowiec
348689,Zwójka tęczowana
349217,Bzyg oblatek
349275,Strzępotek glicerion
349281,Strzygonia choinówka
349377,Strzępotek hero
349775,przegibka smuklica
354036,miodownica wierzbowa
354118,Krępak nalipek
354352,Górówka euriala
354673,Grotnik nawłociak
354735,Udea oliwkowa
354736,barczatka puchowica
354737,Prządka pierścienica
354801,Poproch pylinkowiak
354803,Fałdówka siostrzyczka
354804,Fałdówka zwężynka
354807,Wygłoba szczawiówka
354819,Przeziernik osowiec
354878,Grotnik sosnowiak
354881,Barczatka sosnówka
354885,Wachlarzyk złotobrzegi
355014,Toryjka łąkowa
355545,Żarlinek kosmopolita
355696,Pszczolinka napiaskowa
355727,Rezelia zlewnica
355771,Wzjeżka łozówka
355788,Tutkarz cygarowiec
355798,Orzęsica fioletek
355986,Sykrzytek dereniak
356188,Mokradlica blednica
356329,leń ogrodowy
356339,Nieczuja słońcówka
356343,Paśnica okazała
357312,Symbelia wzorzysta
357322,Zaciosek zmiennobarwny
357358,Naklonek
357386,Wielbłądka pospolita
357390,Ponocnica lepnicówka
357405,Opiętek bruzdkowany
357406,sinica jesienna
357409,podryj dębowiec
357471,Nożycówka świerzbnicówka
357472,Nożycówka Jaskrzanka
357477,Wieczernica topolówka
357480,Kosmatek pospolity
357643,Rączyca sztyletówka
357809,Piętnówka brodawnica
357834,Niekreślanka zielonka
357872,Ponęc krzyżownik
357896,Tarczyk mgławy
357982,Dostojka dia
358013,Wydrążka świerkóweczka
358028,Ponocnica dwukolorowa
358031,Błyszczka spiżówka
358327,Żyrytwa pluskwowata
358356,Jedwabek brunatny
358374,Gnilik czteroplamy
358395,Kapturnik kapucynek
358530,Spaśnica tojeściowa
358561,Przeniela dwuplama
358565,Miedziopierś alpejska
358566,Miedziopierś północna
358618,Kosternik leśniak
358780,Modraszek orion
358823,Wątlak falistak
359132,Tutkarz brzozowiec
359228,Wgryz łodygowiec
359236,Harcun adonis
359255,Miodówka olchowa
359268,Urzel jabłoniowiec
359281,Dąbrówka dodona
359317,Koziułka wielka
359369,Pędźka smugopleca
359374,Trzmielówka długonosa
359375,Owalnica trawowiec
359507,Dziubałek gajowy
359518,rolnica łubówka
359541,Krocznik pokorniak
359917,Przeziernik czerwonoskrzydlak
360018,Wysmukłek zdobnorogi
360024,Kwietnica różówka
360026,Zacnik zdobny
360027,Zacnik czarny
360042,Cytryn dzieworodek
360050,Kruszynka rdzawoczułka
360167,Rolnica dwutrapezka
360302,Światłówka mysiotrzewka
360308,Bawełnica korówka
360353,Wałkarz lipczyk
360830,biegacz skórzasty
360836,zielonka dwubarwna
361066,Plesica klinowata
361087,Sówka nadobna
361095,Mietliczka rokietnica
361166,Drzeworadek topolowy
361262,naśliwiec lilipucik
361301,Paśnica drobna
361320,rolnica ciemnoplama
361324,pałątka mała
361783,Nasionnica głogówka
361964,Poproch cetyniak
362062,Rojnik morfeusz
362064,Skalnik zrębowiec
362078,Modraszek amandus
362090,Powszelatek sertor
362091,Pazik brzozowiec
362093,Karłątek akteon
362097,Błyszczka nibyspiżówka
362100,Zmorsznik sześcioplamek
362140,Krocznik ochrowiak
362141,Krocznik ogrodowiak
362182,Powróżka dwuplamka
362233,Paśnik maczyniak
362280,Łodzik czteroplamek
362281,Zaciemka czarna
362291,Nadrzewek południowy
362292,Pasikonik stożkogłowy
362293,Podłatczyn białoplamek
362296,Piechotek leśny
362303,skakun ciemieniówka
362305,Skakun fałdowany
362307,Dołczan wysmukły
362309,Dołczan deresz
362311,Skoczek zmienny
362312,Konik leśny
362325,Kleszczanka
362340,Topielica
362343,Mrówkolew plamoskrzydły
362433,Zgarb rogaty
362481,Nadrzewka czterokropkowa
362591,Zawisak tawulec
362611,Trociniarka czerwica
362650,Garbatka miesięcznica
362685,Zwójka pędówka
362715,łaźbiec
362728,Paśnik zawilczak
362775,Zmienik ziemniaczak
362808,Świerzbik białokropek
362811,Kuprówka złotnica
362831,Nastrosz dębowiec
362835,Zwiniec rycerzyk
362863,Kraśnik rogalik
362871,Przeziernik bukowiec
363245,Okudlica gąbkówka
363331,Dyrdoń plamisty
363342,Tryk dębowiec
363385,Wojsiłka jasnoplamka
363405,Udea żółtawa
363434,Ziemik tarczyca
363478,Zbójca średni
363486,Łada różowica
363626,wachlarzyk śniadoszek
363736,Modraszek artakserkses
363754,Trzmielówka dorodna
363776,Skośnica jaskrawka
363786,zbrojec dwuzębny
363929,Pryszczarek robiniowy
363952,Osa średnia
364111,Wrzecionek wzorzysty
364139,Ogniokryw czarnoczerwony
366565,Pędruś darniowiec
366578,Ściga długoroga
366971,Pstrokówka kreskówka
367075,Wardzanka żądlica
367117,Żupałek plamisty
367148,Trzyszcz piaskowy
367154,Mierzwica osowata
367155,Kraśnik transalpejski
367275,Błyszczka złotorombka
367733,Trzmiel czarnopaskowany
367882,Witalnik piaskowiak
368139,socznik okularowiec
369803,Siodlarka stepowa
370877,Płomienka sierpowata
371315,Konik pospolity
371364,Zgłębiec trzpiennikowaty
371868,Obnażacz wierzbówka
371979,Dąbrówka dębowa
372115,Źrenicówka Smugówka
386880,Niekrasz ciemny
386969,Śluzownica ciemna
389228,Zdobniczka lipowa
393053,mszyca czereśniowa
396383,Mszyca czeremchowo-zbożowa
398297,Skornica szara
415336,Barczatka osinówka
415467,Paśnica tarczówkowa
415472,Paśnica karminowa
415493,polnica blaskówka
415589,Smuklik szerokopasy
415621,Sinica nadbrzeżna
416279,złotka babkówka
416290,Kozioróg bukowiec
416292,Krzewioróżka dziuplówka
416298,Szpiegun germański
416536,Świetnica jesienna
416545,Biegacz Ulrichiego
416809,Rynnica topolowa
416813,wiośnik bajornik
416859,Kibitnik robiniaczek
417098,Nimfa jezioranka
417691,szubarga oliwkowa
417886,Pominka powabna
417954,Wielbłądka mała
417955,korowódka dębówka
418147,Koziułka warzywna
418158,Wachlarzyn mułowy
418160,Nawozak ściółkowy
418164,Olszanica dwubarwna
418167,Ostówka błyszczka
418552,Przezierka ostrzynka
423693,Pasikonik śpiewający
423928,Rączyca wielka
424391,jaraszka arbuzówka
424814,Pszczolinka świerzbnicówka
426166,Tęcznik mniejszy
426193,Modraszek alkon
428375,Sówka ociemnica
428678,Szablak przypłaszczony
428810,Bzyg lapoński
429119,Witalnik zmiennik
429123,Splotka perzanka
429128,Ozimica średnia
429136,Kapturnica mleczówka
429178,Paciepnica skorupianka
429923,Biedronka dwunastokropka
430052,Ostrosz rączycowaty
430139,Bęsica kwietniówka
430143,Pośnieżek zimowy
430206,Przezierka wielokątka
430543,Wrzecionek mszycojad
433472,Łątka ozdobna
433481,Lepiarka bluszczówka
433915,Miesierka chabrówka
433919,Zaprawiarka nakamienna
433981,koczownica podbiałówka
433983,Koczownica żółta
434008,Koczownica złocista
434389,Miedziopierś żółtoplama
437831,Prześwietlik wargowiec
437929,Granatnica lśniąca
446693,Dyląż garbarz
446878,Tasznik dębomir
447101,Ćwik krasnoudy
447102,Brudziec sosnowy
447104,Mszycznica wytworna
447108,Zażartka żółtobrzeżka
447123,Trzmiel różnobarwny
447126,Gniłun kwieciak
447128,lulek małoplamek
447359,Kałużnica czarnozielona
447507,Obnażacz różówka
447509,Paśnik faliniec
447520,dostojka akwilonaris
448027,Bodzik nadmorski
448065,Dostojka pales
448144,siwoszek niemiecki
449402,Rolnica porfirówka
449456,Mucha grzybiarka
450210,Kilofiak nosacz
450564,Wyrówka wielka
450658,Wieczernica olszówka
450664,Naliściak pokrzywowiec
450666,Omomiłek czerwonawy
450667,Zieleńczyk zielonawy
450671,Sprężyk sosnowy
450677,Wątlak nadobny
450685,Uścielica płatkonoga
450926,Krocznik wieśniaczek
450927,Cefis borówczak
450931,Płomienka czarna
451286,Skoczek trawnik
451370,Krzeszyk żółtoczarny
451375,Zmorsznik czarny
451377,oskrobek trędownikowiec
451382,Szastaj gładysz
451387,Przerwiec biedronkowaty
451389,Zalęszczyca drobna
451397,Narzępik koński
451405,Riwelka nasionnicowata
451464,Gnojka podobna
451465,Prężec jasnonogi
451469,Kuglica mokrzynka
451478,Obnażacz berberysowy
451481,Osmyk okazały
451665,Piętnówka kapustnica
451711,Tarczkownik młotnik
451773,Tasznik pstry
451778,Ulanik dąbrowiec
451781,Sonik tarczokolec
451784,Błyszczek elegancik
451808,ładzik wydłużony
451846,Potwora buczynówka
451873,Przylepek świerczyniak
451883,Nerkosz mieszczuchowaty
451910,Nimfa osoczanka
451915,Guniak czerwczyk
451949,eucheka chmurka
452030,kusokrywka większa
452446,Trzmiel tajgowy
452500,Jętka górska
452679,Nacinek żółcieniak
453176,Oszczecik łaciak
453562,Niekrasek myszatek
453656,Bystrzyk czerwieniec
453764,Porobnica Drewniarka
453774,Smyczyk mrówkownik
453829,Ładzik jasnoplamy
454348,Mszyca porzeczkowo-czyściecowa
455171,Nadprzekopek krwawnicowiec
455182,Pędruś długoryjek
455223,Bogatek spiżowy
455519,Złotka nadwodna
455792,Opaślak motylkowiec
455794,Ziołomirek lucerniak
455826,Chowacz czterozębny
455967,Skoczonos bukowiec
455997,Sieciech niegłębek
456029,Kruszczak włochaty
456100,Brzozokorek łuskowaty
456113,Drwalnik bukowiec
456136,Skórnik rudawek
456217,Osiewnik rolowiec
456218,osiewnik ciemny
456221,Osiewnik skibowiec
456328,nieskorek czerniec
456717,Zdrobnik pleśniowy
456778,Różnostawek barkoplamy
456945,Wysuwek czarnonogi
457272,Plug zmienny
457700,Zadziorka mrówkolubna
458450,Marga starodrzewna
458944,Podłatczyn Roesela
459128,Miesierka dwuzębna
460163,skorek smyrneński
460199,peryzoma żółtopaska
460200,Latalec gruszak
460201,Krocznik wycinek
460205,Paśnik zgodniak
460208,Hydrelia leśna
460209,Ciemnokres dwuplamek
460218,Wieczernica królicówka
460223,Rolnica brunatna
460228,Piętnówka chmurówka
460241,Sówka oparzałka
460243,Błyszczka zdobnica
460514,Falica oczenica
460525,Uszyca
460533,zbójniczka plamkówka
460534,Rzęsielnica mannówka
460537,Fozja wyroślówka
460643,błyszczka kroplówka
460837,Pszczolinka wierzbowo-mniszkowa
460842,ścierwiec
461045,koczownica rudowłosa
461052,Brzęczka porobnicówka
461061,Omrzel piaskowy
461082,Zmorsznik sosnowy
461111,Krasanka przepaskówka
461119,Tasznik zielony
461120,Srogoń baldaszkowiec
461172,Wójek okazały
461174,krzewioróżka żółtoczarna
461178,Pilarz koniczynowiec
461218,Sądek przepasany
461241,Średzinka ryjkowcowata
461242,Średzinka mglista
461244,Przekrasek żroneczka
461273,Tutkarz topolowiec
461540,Chowacz plamiaczek
461634,Rezun bury
461636,Swędosz pajęczarz
461800,Dwojaczka siatkowana
461806,Krótkowąs sylwina
461927,Modraszek blady
461937,Opłonka stogowica
461997,Zgrzypik twardokrywka
462041,Okienkowiec europejski
462140,Przerwiec krasnopasek
462162,Płatynka grabówka
462191,Imik zwyczajny
464016,Selednica sosnowa
464052,Pióroróg strojny
464062,Nerkosz jesienny
464103,Więźlec zmienny
464147,Skakun cienkoczułki
464211,Nadobnik włoski
464302,wycinka zakrzywica
464319,miernik borówczak
464329,Szeliniak sosnowy
464393,Przepaśnica górska
464843,jednorek kosaćcowy
465058,Łada dwukropka
465117,Napierśnica ciemna
465118,Topień
465237,Przeplatka aurelia
465324,Miernik seledyniak
465405,bujanka rzęsówka
465417,Cmucha przejrzysta
465458,Łowik szerszeniak
465461,Złotawek nieparek
465662,Łowczak niebieskawy
465682,Rzemlik plamisty
465720,Zmrużek długorogi
465809,Kałużnik biegaczowaty
465810,Skołuba
465812,kałużnica czarna
465842,mokradlica miedzianka
465843,kresówka żółtawa
465845,Szczękalica brodźczyca
465848,Krocznik zorzak
465896,Rawik kolconogi
466028,owoszcza latająca
466041,Osadnik petropolitana
466043,Falica zmiennica
466045,rolnica szerokopaska
466046,Leszczotka widlica
466049,Żmur sześciopasek
466055,Moszenica czterokropka
466253,Żółwinek austriacki
466298,Ładzik różowoplamik
466317,Miecznik ciemny
466365,Krocznik ziołowiak
466374,Sudamek szczawiak
466429,Litozłot lśniący
466438,Nęk świerszczojad
466439,Pszczolinka mniszkowo-rzepakowa
466441,osarek murarkowy
466448,Wolnica czarniawa
466461,Nasionnica mleczówka
466475,Prześwietlik ostowy
466488,Szydlak zbożowiec
466505,Czart smolisty
466581,Zmorsznik paskoczułki
466621,Gliniarz naścienny
466762,Ścigun złocisty
466780,Liściolubka selerowa
466962,słonik dębowiec
466963,Ślimacznik żarłoczny
466988,Naboczeń bagienny
467020,Podłatczyn dwubarwny
467037,Rościsz gałązkowiec
467109,Opiętek winoroślowiec
467342,Paśniczka ziemikówka
467446,Miedziak sosnowiec
467580,Mszyca bzowa
467588,Naliściak drzewoszek
467852,Paśnik orzeszkowiak
468006,szczękalica nogopiórka
468109,Dłużeń skubacz
468114,Łozówka złotawa
468237,Opiętek dwuplamy
468321,Smukliczanka kropkowana
468467,Przeziernik jabłonowiec
468533,piechotek błotny
468556,przylepek nadębek
468594,mokradlica żółtawa
468658,Mokradlica leica
468692,Tyszerka płaskowiaczek
468695,Kapturnica rumiankówka
468834,Tyranka wrzosowiskowa
468838,Znakownik
468844,Oprzędzik lucernowy
468878,pchełka rzepakowa
468904,Ulanik leszczynowiec
468911,Strzeszyk gładkoplecy
468925,sienik czarnobiodry
468938,szubarga lucernówka
468939,Rypiak gałązkowiec
469165,Strangalia czarna
469219,Słońcówka sówkówka
469291,chyłek parkowy
469434,Barczel sosnowy
469488,Borczyniec owocowy
469708,Powabnica blondynka
469714,Trzyszcz leśny
469720,Drzazguń dwuguzek
469721,drzazguń skrzydlacz
469887,Brudnica czarnelka
469905,Szykun smoluch
469906,mściel natrawny
469978,Prześwietlik pierisowiec
469995,Wtyk równotarczyk
470078,Przyzłotka zielona
470124,Pawęża ziołówka
470129,Oblaczek ancylek
470321,Makatka siedmiozębna
470351,Borecznik sosnowiec
470356,Kulczanka ślazówka
470449,Pyszałek orion
470486,Wątlak niezmiennik
470508,Wyroślówka chabrówka
470524,Trajkotka czerwona
470605,Kobyliczka drobna
470719,Płatkówka wierzbóweczka
470720,Fałdówka glinawica
470724,Galonówka haczyca
470754,grubosz bezskrzydły
470781,wątlak czarnokropek
470782,Mokradlica wstydniczka
470894,Mietliczka nadrzewna
470896,Napleczka szczawnica
470897,Diana gajowa
470899,Szczękalica brodalica
470902,Przezierka dziewannówka
470909,Przylepek olszyniak
470916,Łowczak zwinny
470963,Latalec jesieniak
470977,Kraśnik goryszowiec
470990,Tryk lipowy
471016,Bierka lipowa
471221,Mróżka rudonoga
471260,Kwieciak malinowiec
471275,Najemka dziewica
471295,Badylica fluksa
471345,Pasterek omszony
471388,Wierciotek długoręki
471474,nasionnica trześniówka
471694,Drzeworodek czarny
471923,Zbrojka zielona
471969,Pozmrok naliściak
471983,Pilarz osowiec
472018,Gąsienicznik strojny
472124,Owocówka paskóweczka
472162,Opłonka czernica
472233,Grotnik lniczak
472262,Żalówka kroplanka
472304,Krocznik złotawiak
472320,Zadomka leśna
472363,kraśnica wachlarzykowata
472752,Zwójka siatkóweczka
472758,zwójkówka pokrzywówka
472829,Żuk wiosenny
472908,odchodnica wąsata
472998,wzjeżka wieszczyca
472999,Wzjeżka rokitnica
473011,Bosak żeberkowany
473033,Kwieciak pestkowiec
473042,Biedroneczka łąkowa
473043,Zalęszczyca żółtawa
473189,Konik osiodłany
473315,Konik sucholubny
473451,Nocnica ciemnica
473538,Wątlik prążkowany
473539,Szarańcza pasiasta
473744,Miernik kędziorek
473906,Opaślik sosnowiec
473925,Kraśnik dzięgielowiec
474514,Płatkówka śliwkóweczka
475090,Falica dwojnica
475135,Szypleć leszczyniak
475254,Przylepek podobniak
475337,Halnik czterowstęg
475342,miernik mleczak
475345,Barczatka wilczomleczówka
475407,Krocznik gajowiak
475408,Wątlak pręgowiak
475414,świerzbik pierścieniak
475531,bagiennik żółtorogi
475735,Paśnik narudziak
475892,Chwostówka głogowica
475913,Astenka białka
475950,Koliks tojeściowiec
476056,Wiechetka czubatka
476057,Karbica prążkówka
476059,Naramiennica srebrnica
476138,Łada poprószyca
476140,Szczękalica nogobrzeżka
476146,pomiarka zmarlica
477033,Kapturnica trędownikówka
477060,Bolica zmiennobarwna
479063,Pominka jaśnica
479402,Smętnica mocanka
479411,Paciepnica żółtaczka
479430,guniak rudziak
479736,Rolnica łupkówka
479853,przezierka rdzawianka
479857,Przezierka kwietniczanka
479888,Przezierka szarynka
479889,Przezierka lancetniczka
479893,Udea alpejska
480000,Poskrzypka cebulowa
480219,Omarlica ciemna
480251,Pazik dębowiec
480413,Zwójka głogóweczka
480682,Pospieszek polny
480790,Smuklik złotawy
480794,Zażartka dwupasa
481040,Delikacik zielonawy
481191,Trzmielec ogrodowy
481213,Zwójka malineczka
481260,Ładzik norweski
481297,Piśmica dębóweczka
481599,Porożnica rudogłowa
481866,Szubarga rudonoga
483176,Błyszczyk żukowaty
483179,Knieżyca porzeczkówka
483267,Wycinka puginałówka
483271,Przestrożnica żółtorożka
483272,falica dębowa
483275,Skrzeplik szroniak
483276,Miernik szmaragdziak
483279,Krocznik wężowiak
483286,Paśnik dwurzeczek
483287,paśnik czteropasek
483295,paśnik maliniak
483304,Paśnik berberysek
483305,Paśnik jaskiniec
483306,Paśnik kłębiniec
483308,Paśnik poprzecznik
483311,piędzik siewierak
483355,Przylepek wrzosak
483370,Leszczotka dwurożka
483371,Leszczotka dwojaczka
483373,białoząbka dwubarwica
483375,Opusznica piórówka
483377,Bielmica sinogłówka
483386,Rolnica szkółkówka
483404,Rolnica symulanka
483413,Rolnica jagodówka
483439,Piętnówka wielobarwna
483448,splotka czernica
483449,Przegibka miniówka
483460,Kremata lipówka
483461,Kremata brzozówka
483465,Drewnica dąbrówka
483466,Drewnica widłówka
483476,Źrenicówka czerwienica
483479,Ozimica oczatka
483482,Wieczernica górolubka
483488,kresówka kobielistka
483489,Kresówka sokorówka
483495,Sówka darniówka
483509,Paciepnica zielonka
483539,Galonówka machlerzyca
483548,Płochlica księżycówka
483552,Obtocznica pasterka
483553,pomiarka oliwinka
483555,Pomiarka wierzbianka
483566,Sudamek purpurek
483576,Kapturnica sałatówka
483639,kwieciak jabłkowiec
483640,Naliściak gruszkowy
483644,Rabież trzmielowiec
483695,Wydrążka leszczynówka
483698,żwirówka stagnanka
483699,Przezierka wydłużka
483726,Modraszek bagniczek
483740,Paśnik niszczyciel
484082,Dostojka laodyce
484083,Dostojka titania
484487,Lepiarka wiosenna
484501,pszczolinka zwinna
484511,Pszczolinka starcówka
484512,Pszczolinka Białobrzucha
484513,Pszczolinka owocowa
484521,Pszczolinka Brunetka
484524,Pszczolinka jasnobrzucha
484528,Pszczolinka wierzbinówka
484540,Zbierka Pospolita
484542,Smuklik plamisty
484543,smuklik wielki
484581,spójnica lucernowa
484585,Szmeronia ciemnoskrzydła
484587,Murarka muszlówka
484591,Murarka kolczasta
484598,Miesierka wielka
484631,Porobnica Chabrówka
484632,porobnica ruda
484634,Brzęczka białoplamka
484635,Rożyca błękitnawa
484658,Obumierek dwuplamkowy
484729,barciel południowiec
486056,Mietliczka borowa
486683,Milik dziwaczek
486688,Prężec mdły
486706,Mszycznik galant
486737,Magnatka mamucia
486778,Toryjka leśna
486872,Elli dwubarwne
486873,Kniejnik czerwonoczarny
486875,Kalia wspaniała
486881,Imik mały
486882,nieczuja długodzioba
486883,Nieczuja wczesna
487178,Dwugrzebka
487179,Oskrobek towarzyski
487447,Wetknik
487690,Strangalia przepasana
488045,Głowienka krokosz
488056,Reszka
488456,Taraniec płowy
488457,Taraniec paskowany
488516,Terelka galasówka
488969,Niekolczyk haczykowiec
488977,Pędruś złotonogi
488984,Pędruś czarnostopy
489048,Ścigun obrzeżony
489279,Wojnica drapieżna
489639,Grabarz przepasany
489641,Kusak podkamieniec
489643,Trzyszcz górski
489667,Rzemlik topolowiec
489889,Ćwieczak obrzeżony
490528,naliściak mały
490612,Biedronka wielkokropka
490625,Liściojadek winoroślowy
490806,Pianówka stawowa
490891,Margoń pstrokatek
491073,Drzeworadek wzorzysty
491083,Serduszak dębowiec
491254,Wielbłądka żółtonoga
491376,Kulczanka kosaćcówka
491390,Przezierka hebdzianka
491439,Złotka źdźbłowa
491461,Pierścienica krasnoroga
491469,Mrzygłodek
491485,Szykoń leśny
491494,Szykoń metaliczny
491496,Kwietniczek czterokropkowy
492031,Barczel świerkowy
492034,Nerkosz smugoskrzydły
492114,Listewnica skąpofraczka
492293,Strzeszyk rudogoleń
492299,Obryzg świerkowiec
492629,Krzewioróżka próchniarka
492662,Borzewka
493199,Ślepak plamkowany
493595,Kulczanka szczawiowa
493972,Kwietniczek dwojaczek
494010,Nartnik szybiel
494066,Borecznik rudy
494229,Pospieszek serduszak
494327,Wtrzciniec ździeblarzowaty
494335,Lesiec gładkonogi
494426,zmięk łęgowy
494533,Trzeń krótkoryjkowy
494559,Kruszczak jedwabisty
494566,Nieskorek żółtawy
494602,Osiewnik zmienny
494605,Zdłabek płaski
494606,Oparstnik hubożer
494609,Nosacz ryjkowcowaty
494765,Mroczek ogoniasty
494786,Naliścica wierzbowa
495158,Leputa podleśna
495171,leń siwowłosy
495237,Gąsienicznik rolnicowiec
495255,Rościsz granaciak
495405,Płaskoryjek okazały
495457,konik krótkoskrzydły
495503,Koziułka wodniarka
495531,Zalęszczyca grubouda
495584,Słońcolubek złotowłos
495644,Bierka dębowa
495674,Taraniec jedwabisty
495733,Żronka białoplama
495749,Fortelia zielona
495842,omarlica wielka
495884,Pepłoń jajowaty
495887,Piętak latawiec
495943,Zaciosek grzebykoczułki
495985,Drążyn sitowiec
496118,Cioch wzorzysty
496161,Kłowacz podżegacz
496214,Ponęc lśniący
496256,ćwierczak winnicowy
496411,Przezdobek
496504,Brosznica czarnonoga
496637,Pustosz rudonóg
496642,Zmiennik rudonogi
496692,Dreptacz wzorzysty
496767,Konik ciepluszek
496774,Konik długopokładełkowy
496785,Licinek tarninowiaczek
496855,Wełniak szary
497030,Rzęsielnica moręgówka
497111,Wstęgówka znaczona
497143,Skorolotek klepsydrowy
497354,Urazek salamandrowy
497400,Krocznik rudak
497410,Rolnica dworożka
497415,Rozpylak zwyczajny
497416,Biegacz wręgaty
497423,kurtek mniejszy
497489,Zmróżka dziurawcówka
497493,Kurtek mały
497542,Szarek marmurkowiec
497543,Biegacz leśny
497699,Brosznica olchowa
497710,Kozulka kolcokrywka
497713,Gnojka trzmielowata
497714,Pilarz żółtoczarny
497715,Pilarz polny
497732,Ryjosz burakowiec
497733,Wężowgryzek wiązowy
498011,Bosak baryłkowaty
498265,Taraniec białopręgi
498449,capoń mglisty
498508,Ponęc wygoniak
498513,Hulaczek ciemny
498549,Dzier murawowy
498560,Halawiak wodnik
498575,Oleśnica krzyżaczka
498683,kurcinka
499089,Osnuja gwiaździsta
499154,Ostrokrywka nieparka
499244,Mściel uzbrojony
499370,ładzik byliniak
499372,Omomiłek piłorogi
499564,Rynnica olchowa
499569,Złotolitka urzeźbiona
499825,Kogutnica wiązowa
499899,Osiewnik obrzeżek
499913,Przylepek moczarek
500849,Falica rozmytnica
500922,Zagłazek galant
500930,załadzik łąkowiec
500932,Błyszczek prążkonogi
500936,Pędźka lampasowa
501014,Opylak długonosy
501165,Makatka wstężykówka
501242,Jętka pospolita
501377,Dygniczka nieśmiała
501625,Konik wąsacz
501693,Schylik przepaskowiec
501733,Opiętek zwężony
502158,Rojber opasek
502160,Smużynka
502163,Niepokazek krzyżnik
502165,Makatka wełnista
502513,Zaciosek purpurowy
502556,Zbójca zbrojny
502652,Tutkarz lakowiec
502653,Tutkarz śliwowiec
502655,Badylica jeżogłówka
502859,kapturnica marchwianka
502984,Zmorsznik jodłowy
503276,Wstęgówka śliwica
503857,Widelnica paskowana
503872,Bogatek ośmioplamkowy
503929,Widłogonka gronostajka
504466,Żółwinek żółwik
504511,Rzęsielnica rdestówka
504513,pryszczarek naliściak lipowy
504552,Letyniec łuskowiec
504598,Zakliniec mniejszy
504738,Wygłodek Biedronkowaty
504983,dyrdoń żółtonogi
505000,Świerszcz południowy
505130,Przewężeń grochowiec
505396,Kryniczek plamisty
505407,kozulka sosnówka
505409,Kozulka kosmatka
505424,Tyranka szafirokrywka
505586,Makateczka komonicówka
505623,Łowiec czarniawy
505669,Przeźrotek domowy
505703,Szubak Smirnowa
505747,bodzik czteroplamy
505749,Pomyk wiązowiec
505829,Wlotka murarkowa
506229,taraniec czarny
506639,Złotka granatowa
506684,ogładzik buraczak
508078,Kołowatek plamisty
508082,Tutkarz bachusek
508084,Tutkarz złociak
508110,Ukiel seledynowy
508151,Szrotówek robiniaczek
508460,Sygaczówka trzykropka
508634,Omomiłek zachodni
509000,zdobik różopas
509212,Tarczyk krwawnikowy
510189,Zamierek szarawy
510325,Zażartka jajowata
510481,Żezoń krasnokrywy
510806,Marga szerszeniówka
510850,Pienik wierzbowy
511159,Ozimica złotawka
511540,Ozimica cytrynówka
514373,Oprzędzik grochowy
515219,Tycz cieśla
516273,Szarek białosmug
516561,nałanek czarny
517840,Spaś zaroślowy
518234,Kikutniczka
519055,Witalnik dziarstwiak
520505,Strumycznik zwyczajny
520514,guniak południowiec
521077,Dołczan czarnoplamy
521106,Skakun dwuplamek
521124,Pozornik mały
521150,Wężynka złocistopręga
521223,Zęboszyjka walcowata
521507,Łokaś garbatek
522264,Osiewnik czarny
522328,Szarnica łąkowa
522425,Skrzydliniak rudogłowy
522544,Nietoniec żółtawy
523491,brodawnica brodawkowana
523777,wachlarzyk borowy
523976,murarka żmijowcowa
524797,Bujanka plamoskrzydła
525781,Strzel łoskotnik
526876,Przezierka czyściczanka
526889,wachlarzyk łąkowy
526892,Cyneda zębata
526909,Wachlarzyk mały
526916,Udea płowa
528468,Trzyszcz mały
528660,Kistnik malinowiec
528700,Wierciotek wierzbowiec
528876,Biegacz Linneusza
532814,Ozdobnik czarnowłos
532817,Ozdobnik malinowy
532876,Pośnieżek zwyczajny
533723,Obryzg przepaskowiec
533726,Zmięk ciemnonogi
537132,Trzmiel szary
538735,Wyschlik grzebykorożny
538893,Trzmielec
538928,Ścięga ugorowa
540980,Pawężnik rdzawy
540982,Pawężnik kniejak
541394,Socznik czarnogłowy
541634,Krótkowąs paprotnik
541639,Biegacz Scheidlera
541649,Nazanek białousek
541750,Gąsienicznik przecinkowiec
542555,Pojawica krasawica
543516,Koziułka witrażówka
543705,lednica ryjowata
543720,Zapadka kosaćcówka
543866,Kwieciak głogowiec
544018,Naliściak truskawczak
544020,Obwiązek
544221,Dorodnik szykowny
544380,Skórnik naścierwek
544540,koziułka moczarowa
544599,Niklik brzuchopasek
544651,Wtyk haczykowiec
544700,Pogrzybnica ruda
545079,Skrótka alpejska
545159,Naliściak kędzierzawy
545401,Naliściak nakrzewiak
545466,Nazanek przytuliowy
545476,Zacień cyprysowiec
545553,Wierciotek kusoryjkowy
545692,Złotka tęczowa
545693,Opuchlak rudonóg
545898,Tłustosz zielarz
546132,rybik długoogonowy
546144,ryboradka dziewica
546156,Lalotek jasnoskrzydły
546206,Niprzyrówka jeziorna
546365,Dokończak płaskobrzegi
546367,Bałamutek bielinek
546370,Nasionnica łopianówka
546408,Rębacz dębowiec
546452,Pomrok ciemniak
546528,Urazek czteroplamkowy
546603,Biegacz urozmaicony
546852,Błyszczek banitek
546893,Opiętek czarny
546894,opiętek zielony
546980,Krasanka krasnoplamka
547018,Pędźka rudonoga
547095,Hartigiolówka bukowa
547115,Pędźka lazurowa
547123,Wójek dwupasek
547125,Tanecznica zaroślowa
547139,Nalotnik niełowiec
547149,Morsznica leśna
547152,Wyniuch pędrakowiec
547156,Rozjeżyca zwójkówka
547174,Żronka białonoga
547290,Skoczonos dębowiec
547292,Pierzchotek przybrzeżny
547293,owalnik nadwodny
547295,Szubarga dziesięciokropka
547300,Słonik okrajkowiec
547304,Toniak bruzdkowany
547317,Serduszak krwistoplecy
547329,Przyzłotka zmiennobarwna
547461,Zielonek pokrzywowiec
547544,Pszczolinka Czerwonobrzucha
547575,Nakwiatek rudawek
547604,Pędruś pokrzywowiec
547609,Opiętek gruborogi
547611,przypłaszczek granatek
547615,Omomiłek rajski
547681,Przykrąglik zdobniak
547696,Oprzędzik koniczynowy
547708,Obryzg leszczynowiec
547710,Wyrynnik dębowiec
547746,wierciotek żółty
547762,Oskrobek trędownikowiec
547771,Kwieciak klonowiec
547774,Choinek szary
547775,Krótkostopka sosnowa
547779,Kwieciak sosnowiec
547788,Skulik przędziorkowiec
547794,Mnożyca szuwarówka
547795,Mnożyca rdzawa
547808,Żaczka warzuchówka
547818,Rzęsielnica szuwarówka
547826,Łozówka miedzista
547833,Tarczyk naznaczony
547834,Tarczyk złotosmugi
547842,Drzeworadek dębowy
547845,Ziolarka bylicowa
547846,Trykoń osikowy
547847,Trykoń karliczek
547848,Dłużynka leszczynowa
547853,Ziemioródka dębowa
547854,Zagwoździk złocistozielony
547874,Dyrdoń sosnowy
548147,zasmutka
548481,modraszek eumedon
548676,Skoczek oczatek
548932,Krocznik gospodek
549467,Pchełka pasiasta
549474,Opuszczel dwuzębny
549581,Wtłoczek grzybiarczyk
549640,Nidzica żółtobrzega
549673,Zęboszyjka ognista
549722,Wałczyk rudorożek
549962,Wyruta karmazynowa
550273,Pchełka zbożowa
550393,obryzg świerkowy
550657,Sietnica europejska
551076,Ziemik spiżowy
551078,Wysuwek barwny
551079,Omomiłek różnoplamy
551321,kraśnik biedrzeniowiec
551410,Zadrzechnia czarnoroga
551817,Brosznica jesionówka
551900,Błyszczek punktowany
551919,Szubarga pięciokropka
551937,Szczękalica kleszczanka
551980,Skoczek szary
552979,Regloń płowy
552992,Rzemlik punktowany
553103,Zmrużek kameleon
553152,Chlubek lipowiec
553215,Ostrożyca
553323,Nagrzybnik leśny
554234,Węglarek wielki
554332,Ziolarka baldaszkowa
554454,Sępień rombowiec
554459,Czułaj wierzbinek
554915,Smukleniec komarnicowaty
555361,Kulczanka ugorówka
555463,Kruchawka wytworna
555495,Żronka pospolita
555634,Błyszczek sztafirek
555637,Żałobnica białopasa
555649,Pasikonik ogoniasty
556235,Wietlica obwiedziona
556450,Słonik kasztanowiec
556666,Orszoł paskowany
556959,Blema purpurowa
557394,Ciencik mróweczka
557819,Kopyciak zielony
558230,Wysysek ostrogoniec
559040,Kruszel czarny
559160,Zmiennik korzeniowiec
559273,Pasynek klonowiaczek
559670,Straszyk łąkowy
560146,Pierścienica ziołomirka
560192,Napadacz płaskonogi
560710,Boczanka brązowianka
563098,Ważka płaskobrzucha
563998,Rynnica miedzista
564328,Biegacz dołkowany
564432,Worecznica sówkówka
564850,Pilarz śnieżnorogi
566284,pchełka czarnonoga
566502,Wtyk głębiec
566640,Trzmiel ciepluszek
567012,Skrócinka Żółtonoga
569480,Nitrzmiela wiosenna
570293,Ćmawiec
570892,Trzmiel wielkooki
570946,Odorek jednobarwek
572442,Rozrożka długoczułka
572481,Rozrożka krwawnicowa
572525,rozrożka chabrowa
573615,Pszczolinka zielonkawa
577771,Nałanek zbożowy
578570,Rączyca wczesna
578596,Dąbrówka melagona
578622,Tycz mniejszy
578767,Ugorówka przelotnica
602608,Nierównik kloniak
603136,galonówka ostrężyca
603464,Szrotówek lipowiaczek
604923,Kołatek uparty
605279,Nieświetek bodziszkowy
606103,Łączyk krótkoskrzydły
606227,Przyrówka strojna
606417,Zmrużek płaskobrzuchy
606911,Trzepadlica czarna
607685,Tarczyk ząbkowany
622723,Porajek zwinny
622770,Rozmiazg płaski
622884,Nidzica mała
623047,ostronóżka bagienna
623071,Skulik rdzawogłowy
624471,Niejawiec
624490,czułaj klonowiec
624495,Skoczek dębowiec
624510,Ziemik przytuliowy
624512,Ziemik sucholubny
624545,Pospiesznik lipowy
624555,Owłoś kruszynowiec
625005,Paśnica smolista
625715,Wydolak
625738,Złotka lnicowa
626434,Przygarbka oranżówka
626665,niesobka pniówka
626816,Strzykacz sarni
628325,Żebernica jeleniówka
630957,Pomyk olchowiec
631042,Płaszczyniec komosiak
631080,żuk pastwiskowy
631178,Chechlica kleksówka
631182,rozklinek smużkowaty
631392,Żaługa żółtoskrzydła
631573,Nasionnica mahoniówka
632447,Złotolitka błękitna
638607,czułaj jaworowiec
639228,Tarczyk komosowy
657490,Złotolitka lśniącobrzucha
657585,Złotolitka zielonawa
698949,Listnica wiklinówka
700868,Wierciotek topolowiec
702564,Bęsica osinówka
702888,drewnica wiązówka
703108,Podbielik rzepnik
703226,Kornutka komonicowa
703923,Pchełka żółtonóżka
704040,Smuklik sześciopasy
704645,Opuszczel jednozębny
704715,Korowiec brzozowy
704720,Ziemik brunatny
704729,Błyszcz dwuplamek
704987,Peleta płowa
705027,Prześwietlik dwurzędowiec
705455,nieliczalnik sarniak
707336,podłężnik łąkowy
707531,Omomiłek dębowy
707541,Szarek komośnik
707677,Obryzg pontyjski
707758,Siatecznik czarnorogi
708867,Obłazik podkorowy
709180,Gwozdnik bogatkowaty
709189,Opuszczel brunatniak
710091,Klęśnik metaliczny
710182,Obnażacz dębówka
710237,Długorożec żółtoznaczny
712159,Ścier czteroplamek
713079,Zrówieńka karpacka
713645,Rzemlik lipowiec
715171,obryzg brzozowiec
716805,Złotolitka prostozębna
716907,Biegun szmaragdowy
717301,Ponurek Schneidera
732755,Poraj olchowiec
732957,Ścier żółtorogi
733413,Dłużynka wiciokrzewowa
733414,Ziolarka krwawnikowa
733422,Węglarek mniejszy
734712,Przędzień gruszowy
735025,Szroniec króliczek
735390,Uczarek pokrzywik
735484,Koroniec piłkonogi
735941,skakun nadpotokowy
736539,Podlistka szerokoskrzydła
736828,Przyrówka potokowa
737566,Nieświetek rozchodnikowy
737897,Ściga gałęziowa
738294,Popstrucha ibiska
738474,Wachlarzyk żółty
738878,Smukwa białoplama
739348,Pędźka żółtonoga
739455,Ścigun grubonogi
739582,Świerszczyk szary
739586,Bobul krótkoskrzydły
740976,Kopułka wysmukła
746682,obrostka letnia
746753,Kwietnica okazała
750989,Paśnica wielkogłowa
752199,Wyżłobik dębowiec
752766,Obnażacz stepowiec
765642,Słodyszek rzepakowiec
767707,Śpieszek cieplarniany
767916,Poskrzypka czternastokropkowa
768460,Opylak osetnik
768586,Osmyk krótkowłosy
768691,Korosz dwubarwny
768853,Wepa marmurkowa
773350,Przywłoka szkaradnica
773422,miniarka łopianówka
774129,Płatynka jaworówka
774840,Paciepnica malachitówka
775763,Bucz olszynowiec
775883,dumek jałowcowy
776396,Krępień górski
776545,Dołęga
777116,Przeziernik wilczomleczowiec
778592,Smolik jodłowiec
779457,zadomka żółtoskrzydła
780165,Myśliwiec rdzawonogi
780538,Wierzchołówka garbata
783228,Zrówieńka Kraussa
784340,Poprósz deszczowiak
786514,Kruszczak marmurkowany
787382,Oskorupek
789601,Eukolorek oczaty
792322,Słonecznica czarna
793581,Łowczyk dwuguzek
795705,Żebernica malinówka
804522,Murarka makowa
805283,Zmróżka ośmioplamka
808353,Grzebnica krzywogłowa
823776,Czart srebrnoplamek
824510,Niedźwiedziówka babkówka
824532,Szczotecznica księżycówka
827992,Porostnica oszustka
834441,Pilarz górski
840243,żniwiarka iberyjska
840445,Ścigun zapalczywy
847048,Oprzędzik łubinowy
847049,Oprzędzik szary
854496,Obrostka ciemnonoga
856305,Sądek barwnorogi
856314,Wnik świerkowiec
856818,Plesznica trawiak
869518,Opuchlak dołkowany
870600,Witalnik topolowiak
872134,Ukrzeniec porzeczniak
875305,Udea mała
875571,Witalnik myszaciak
876599,Murarka ogrodowa
876663,Biegacz karpacki
876691,Kwietnica Fiebera
881230,Pełcik spłaszczony
881668,Doskwier koreański
887153,Łucznik dębowiec
891015,Upieńkowiec białokropek
892453,Pilarz starcowy
899955,Złotolitka malachitowa
899967,Zagwozdnik podkorowy
900352,Potrzyżyłek dereniak
901127,skrzypionka ciemna
901242,Subtelnik poczwarkowiec
904326,Niedźwiedziówka krasa
906209,podłatczyn szary
906629,Złotolitka włochata
917780,Przylepek plamiak
919396,Wałczatka wieloguzka
924010,biegacz szkarłatny
945603,Czerwienica wiosenna
963490,Modraszek argiades
963707,Szczerbatek zielony
968869,Łusareczek matowy
973179,mangra jaskrowa
983305,Kwietniczek podobny
984540,galasówka dębniczka
985387,Opiołek nochal
987017,Osnuja Sadzonkowa
991059,Gadziogłówka żółtonoga
992951,Jesionowiec pstry
1016185,Ogłodek brzozowiec
1050328,Tarczyk goździkowy
1050501,Opylec białoplamy
1072178,paśnik kasztanek
1079951,Podziemnica cieniolubna
1083405,nakwiatek węgierski
1085661,Ziolarka żmijowcowa
1089741,Niedźwiedziówka purpurka
1096210,Włócznica białożyłka
1100266,Pomoczadłek jaskrowiec
1110561,Kolcoróg bizoniak
1112094,Doskwier japoński
1122539,Letyniec szysznica
1144215,Szuwarówka pyszczyk
1144311,Skoczek topolowiec
1146028,Paśnik trwalnik
1179660,Morsznica buczynowa
1188576,Tykotek bukowiec
1225773,Porostnica podomka
1260962,Szczotecznica paskówka
1265392,brzęczak porzeczkowy
1274223,Przezierka szafranka
1293321,tłustosz zielonobrzuchy
1321683,Wachlarzyk ciemnokresek
1352415,Brzęczak robiniowy
1354145,Płast brzozowiec
1372125,Biedronka pokrzywianka
1391873,Nieczuja głogówka
1396832,Murawka darniowiec
1404272,Sądek kruszcowy
1416568,Kikutnica Żółta
1419331,Źrenicówka rudawka
1428261,kompleks Złotolitka ognista
1445647,rybik nagi
1445652,rybik czteropasy
1445691,Rybik cukrowy
1454153,Paśnik jeleniak
1456607,Dostojka aglaja
1470430,skorek pospolity
1474321,Złotka jasnotowa
1506542,Łodziowiec metaliczny
1507371,Trzmiel sześciozębny
1510501,Żagnica ruda
1569141,Przekraska sosnówka
1569410,łąkówka uczepka
1578632,Szklarnik Górski
1579399,Słonik wyroślowiec
1579400,Słonik krasnoryjek
1591327,zgrzytnica ostówka
1601764,Oprzędzik lucerniak
1606825,Czerwończyk fioletek
1640788,Szaroń muchołap
1640789,Szaroń pospolity
1649046,Przybyszka australijska
1657511,Gnojka bliźniaczka
1658846,Nochalnik tojeściak
